{"cameraMode":{"drawMode":0,"name":"Shaded","section":"Shading Mode"},"sceneLighting":true,"audioPlay":false,"sceneViewState":{"showFog":true,"showMaterialUpdate":false,"showSkybox":true,"showFlares":true,"showImageEffects":true,"showParticleSystems":true},"in2DMode":false,"pivot":{"x":-1.1906263828277588,"y":0.0407174676656723,"z":-0.2403523325920105},"rotation":{"x":0.11847198754549027,"y":0.5703755617141724,"z":-0.08358027786016464,"w":0.8084865808486939},"size":14.870630264282227,"orthographic":true}